date,position_count,gross_market_value,net_market_value,gross_exposure,net_exposure,cash_proxy,turnover,turnover_rate,missing_price_count,forward_filled_price_count,fill_price_fallback_count
2025-08-01 00:00:00,2,994771.0,994771.0,0.9804789807777865,0.9804789807777865,19805.56870000006,994771.0,0.9804789807777865,2,0,2
2025-08-04 00:00:00,2,994771.0,994771.0,0.9764637031779124,0.9764637031779124,23977.56870000006,0.0,0.0,2,0,2
2025-08-05 00:00:00,2,994771.0,994771.0,0.9537597424320009,0.9537597424320009,48228.568699999945,0.0,0.0,2,0,2
2025-08-06 00:00:00,0,0.0,0.0,0.0,0.0,1053375.9407,1048760.0,0.9956179550703118,0,0,0
2025-08-07 00:00:00,2,999200.0,999200.0,0.923606347950016,0.923606347950016,82646.18069999991,999200.0,0.923606347950016,2,0,2
2025-08-08 00:00:00,2,999200.0,999200.0,0.8924048570896651,0.8924048570896651,120471.18069999991,0.0,0.0,2,0,2
2025-08-11 00:00:00,1,500400.0,500400.0,0.43850902260842517,0.43850902260842517,640739.5756999999,555350.0,0.48666264129813935,1,0,1
2025-08-12 00:00:00,1,499729.99999999994,499729.99999999994,0.4368740158427219,0.4368740158427219,644146.6827,1036310.0,0.9059630427590322,1,0,1
2025-08-13 00:00:00,2,1003730.0,1003730.0,0.8837304647995661,0.8837304647995661,132057.48269999982,504000.0,0.44374498546320357,2,0,2
2025-08-14 00:00:00,2,1003730.0,1003730.0,0.9200627313478696,0.9200627313478696,87206.48270000005,0.0,0.0,2,0,2
2025-08-15 00:00:00,0,0.0,0.0,0.0,0.0,1096450.8957,955290.0,0.8712565275347971,0,0,0
2025-08-18 00:00:00,2,1010061.0,1010061.0,0.9038416411437695,0.9038416411437695,107458.87739999988,1010061.0,0.9038416411437695,2,0,2
2025-08-19 00:00:00,2,1010061.0,1010061.0,0.8978568387904454,0.8978568387904454,114907.87739999988,0.0,0.0,2,0,2
2025-08-20 00:00:00,2,1010061.0,1010061.0,0.9001348430531901,0.9001348430531901,112060.87739999988,0.0,0.0,2,0,2
2025-08-21 00:00:00,0,0.0,0.0,0.0,0.0,1130583.4344,1044810.0,0.9241334767605897,0,0,0
2025-08-22 00:00:00,2,1047762.0,1047762.0,0.9300608419314538,0.9300608419314538,78790.10579999979,1047762.0,0.9300608419314538,2,0,2
2025-08-25 00:00:00,1,498609.00000000006,498609.00000000006,0.4228671864051873,0.4228671864051873,680505.8994999998,604021.0,0.5122664468544442,1,0,1
2025-08-26 00:00:00,2,994177.0,994177.0,0.8337891316204084,0.8337891316204084,198183.22909999988,495568.0,0.41561936393505633,2,0,2
2025-08-27 00:00:00,1,495568.0,495568.0,0.42655632088597173,0.42655632088597173,666219.9649999999,497546.99999999994,0.428259729820837,1,0,1
2025-08-28 00:00:00,1,490704.0,490704.0,0.41672650745141565,0.41672650745141565,686816.4869999997,958260.0,0.8137947582053409,1,0,1
2025-08-29 00:00:00,2,991218.0,991218.0,0.8613472242587993,0.8613472242587993,159558.33279999974,500514.0,0.4349359521343122,2,0,2
2025-09-01 00:00:00,2,991218.0,991218.0,0.8526442650031473,0.8526442650031473,171304.33279999974,0.0,0.0,2,0,2
2025-09-02 00:00:00,1,500514.0,500514.0,0.4345113395852731,0.4345113395852731,651386.8927999998,484800.0,0.4208695409737598,1,0,1
2025-09-03 00:00:00,1,497664.00000000006,497664.00000000006,0.4328064823193623,0.4328064823193623,652189.3878999997,1001683.0,0.8711397561991739,1,0,1
2025-09-04 00:00:00,2,995658.0,995658.0,0.8885305467248855,0.8885305467248855,124908.9896999998,497994.0,0.4444125202486322,2,0,2
2025-09-05 00:00:00,1,497664.00000000006,497664.00000000006,0.4436681611856747,0.4436681611856747,624039.2086999998,469270.0,0.4183548699516171,1,0,1
2025-09-08 00:00:00,1,496752.0,496752.0,0.4424649530388541,0.4424649530388541,625940.3094999997,989664.0,0.8815095566484774,1,0,1
2025-09-09 00:00:00,2,995800.0,995800.0,0.9171923969873969,0.9171923969873969,89904.5950999998,499048.0,0.4596535763524467,2,0,2
2025-09-10 00:00:00,1,496752.0,496752.0,0.4409225318339885,0.4409225318339885,629867.6760999998,469730.0,0.41693750780747624,1,0,1
2025-09-11 00:00:00,1,499716.00000000006,499716.00000000006,0.44258991718794377,0.44258991718794377,629356.2643999998,1028039.0,0.9105165651609644,1,0,1
2025-09-12 00:00:00,2,976941.0,976941.0,0.8425587031194339,0.8425587031194339,182552.09689999977,477225.0,0.411580716845922,2,0,2
2025-09-15 00:00:00,1,499716.00000000006,499716.00000000006,0.44292906281939676,0.44292906281939676,628491.7468999997,454500.0,0.402851337662624,1,0,1
2025-09-16 00:00:00,1,498408.0,498408.0,0.4458712057035298,0.4458712057035298,619421.5292999996,1027392.0,0.9190954193555498,1,0,1
2025-09-17 00:00:00,2,983058.0,983058.0,0.870360937801212,0.870360937801212,146425.13429999957,484650.0,0.4290900725138877,2,0,2
2025-09-18 00:00:00,2,983058.0,983058.0,0.885491744224564,0.885491744224564,127125.13429999957,0.0,0.0,2,0,2
2025-09-19 00:00:00,1,484650.0,484650.0,0.4407417634170388,0.4407417634170388,614973.4988999995,462118.0,0.42025111364232975,1,0,1
2025-09-22 00:00:00,1,479136.0,479136.0,0.4349532002930237,0.4349532002930237,622444.5830999997,976386.0,0.886350045543028,1,0,1
2025-09-23 00:00:00,1,498405.00000000006,498405.00000000006,0.4616072529250499,0.4616072529250499,581311.5703999996,956709.0,0.8860742033861448,1,0,1
2025-09-24 00:00:00,2,991681.0,991681.0,0.9126218574741283,0.9126218574741283,94947.5875999995,493276.0,0.45395087671076495,2,0,2
2025-09-25 00:00:00,2,991681.0,991681.0,0.9040771965709116,0.9040771965709116,105217.5875999995,0.0,0.0,2,0,2
2025-09-26 00:00:00,1,493276.0,493276.0,0.4504466638235602,0.4504466638235602,601805.9255999997,515540.0,0.47077756279972716,1,0,1
2025-09-29 00:00:00,1,491640.0,491640.0,0.466381500453651,0.466381500453651,562518.4507999995,984916.0,0.9343149497616307,1,0,1
2025-09-30 00:00:00,1,516600.0,516600.0,0.4969272318965359,0.4969272318965359,522988.83079999953,965400.0,0.928636371802005,1,0,1
2025-10-09 00:00:00,2,1016324.0,1016324.0,0.9988884877502846,0.9988884877502846,1130.913599999505,499724.00000000006,0.4911510017007601,2,0,2
2025-10-10 00:00:00,2,1016324.0,1016324.0,1.012050199448865,1.012050199448865,-12101.086400000378,0.0,0.0,2,0,2
2025-10-13 00:00:00,1,499724.00000000006,499724.00000000006,0.4992383950067797,0.4992383950067797,501248.6915999995,460740.0,0.4602922775680649,1,0,1
2025-10-14 00:00:00,1,504107.99999999994,504107.99999999994,0.5125886683892774,0.5125886683892774,479347.21679999965,1004916.0,1.0218218204890206,1,0,1
2025-10-15 00:00:00,2,1007838.0,1007838.0,0.9913010194443893,0.9913010194443893,8844.09779999964,503730.0,0.49546461090445315,2,0,2
2025-10-16 00:00:00,2,1007838.0,1007838.0,1.0096997876598057,1.0096997876598057,-9681.90220000036,0.0,0.0,2,0,2
2025-10-17 00:00:00,1,503730.0,503730.0,0.5045215120658773,0.5045215120658773,494701.16289999953,519782.99999999994,0.5205997361803701,1,0,1
2025-10-20 00:00:00,1,490000.00000000006,490000.00000000006,0.4813709733436092,0.4813709733436092,527925.9388999995,984080.0,0.9667500968326099,1,0,1
2025-10-21 00:00:00,2,985012.0,985012.0,0.910758383313694,0.910758383313694,96517.43529999955,495012.0,0.4576962806959492,2,0,2
2025-10-22 00:00:00,1,490000.00000000006,490000.00000000006,0.44970823949525063,0.44970823949525063,599595.3352999995,567000.0,0.5203766771302185,1,0,1
2025-10-23 00:00:00,1,493679.99999999994,493679.99999999994,0.4340703241895551,0.4340703241895551,643647.2312999996,993680.0,0.8736975363407008,1,0,1
2025-10-24 00:00:00,2,987359.9999999999,987359.9999999999,0.8908127138588101,0.8908127138588101,121021.1272999997,493679.99999999994,0.44540635692940506,2,0,2
2025-10-27 00:00:00,2,987359.9999999999,987359.9999999999,0.827571551847814,0.827571551847814,205721.1272999997,0.0,0.0,2,0,2
2025-10-28 00:00:00,1,493679.99999999994,493679.99999999994,0.4155713100808014,0.4155713100808014,694274.9622999998,550550.0,0.4634434953106977,1,0,1
2025-10-29 00:00:00,1,498790.0,498790.0,0.4211142935242407,0.4211142935242407,685662.7902999998,1037240.0,0.8757124036469925,1,0,1
2025-10-30 00:00:00,2,994714.0,994714.0,0.8590442683946802,0.8590442683946802,163217.01309999963,495924.0,0.42828458206013326,2,0,2
2025-10-31 00:00:00,1,495924.0,495924.0,0.424102834999988,0.424102834999988,673424.4670999995,471820.0,0.4034896468202675,1,0,1
2025-11-03 00:00:00,2,996856.0,996856.0,0.8590326418697908,0.8590326418697908,163584.18749999953,500932.0,0.43167412279919876,2,0,2
2025-11-04 00:00:00,1,500932.0,500932.0,0.4333291670560726,0.4333291670560726,655076.0374999996,500500.0,0.43295546723220785,1,0,1
2025-11-05 00:00:00,2,995636.0,995636.0,0.8412188224409278,0.8412188224409278,187927.62629999965,494703.99999999994,0.4179783739607815,2,0,2
2025-11-06 00:00:00,1,494703.99999999994,494703.99999999994,0.41062592605176584,0.41062592605176584,710051.8826999997,505812.0,0.4198460511904003,1,0,1
2025-11-07 00:00:00,2,994296.0,994296.0,0.828936439145853,0.828936439145853,205188.00509999972,499592.0,0.41650576237433823,2,0,2
2025-11-10 00:00:00,1,499592.0,499592.0,0.41786822814274455,0.41786822814274455,695981.0690999997,533120.0,0.44591168350866306,1,0,1
2025-11-11 00:00:00,2,999552.0,999552.0,0.828232805289079,0.828232805289079,207297.0810999996,499959.99999999994,0.41426886578419925,2,0,2
2025-11-12 00:00:00,1,499959.99999999994,499959.99999999994,0.4139150999597508,0.4139150999597508,707920.5533999996,501759.0,0.41540448564026045,1,0,1
2025-11-13 00:00:00,2,997964.0,997964.0,0.826313040101774,0.826313040101774,209767.15219999966,498004.0,0.4123467371797418,2,0,2
2025-11-14 00:00:00,2,997964.0,997964.0,0.8308451812526599,0.8308451812526599,203179.15219999966,0.0,0.0,2,0,2
2025-11-17 00:00:00,2,997964.0,997964.0,0.8368803130840798,0.8368803130840798,194517.15219999966,0.0,0.0,2,0,2
2025-11-18 00:00:00,1,499959.99999999994,499959.99999999994,0.4196116732792303,0.4196116732792303,691522.5821999996,481900.0,0.40445408703348495,1,0,1
2025-11-19 00:00:00,2,992593.0,992593.0,0.842427163389322,0.842427163389322,185660.79229999962,492633.0,0.41810431947633303,2,0,2
2025-11-20 00:00:00,2,992593.0,992593.0,0.8378215595063673,0.8378215595063673,192137.79229999986,0.0,0.0,2,0,2
2025-11-21 00:00:00,2,992593.0,992593.0,0.8517919650881243,0.8517919650881243,172706.79229999986,0.0,0.0,2,0,2
2025-11-24 00:00:00,1,499959.99999999994,499959.99999999994,0.4173581512003786,0.4173581512003786,697955.9830999998,499364.0,0.4168606204816903,1,0,1
2025-11-25 00:00:00,2,1001857.0,1001857.0,0.8321801217361577,0.8321801217361577,202037.41399999964,501897.0,0.4168945334104691,2,0,2
2025-11-26 00:00:00,2,1001857.0,1001857.0,0.833752201043412,0.833752201043412,199767.41399999987,0.0,0.0,2,0,2
2025-11-27 00:00:00,2,1001857.0,1001857.0,0.8259506453200423,0.8259506453200423,211117.41399999987,0.0,0.0,2,0,2
2025-11-28 00:00:00,1,499959.99999999994,499959.99999999994,0.41222959375538204,0.41222959375538204,712859.2821999998,517106.0,0.4263669019690987,1,0,1
2025-12-01 00:00:00,2,1012047.9999999999,1012047.9999999999,0.8556941483543267,0.8556941483543267,170673.65579999995,512087.99999999994,0.43297423150134223,2,0,2
2025-12-02 00:00:00,2,1012047.9999999999,1012047.9999999999,0.8567952771066544,0.8567952771066544,169153.65579999995,0.0,0.0,2,0,2
2025-12-03 00:00:00,2,1012047.9999999999,1012047.9999999999,0.8670602222053879,0.8670602222053879,155169.65579999995,0.0,0.0,2,0,2
2025-12-04 00:00:00,1,499959.99999999994,499959.99999999994,0.4289447188491887,0.4289447188491887,665598.1197999998,465120.0,0.3990534595390325,1,0,1
2025-12-05 00:00:00,2,997710.0,997710.0,0.8679823970319847,0.8679823970319847,151748.7947999998,497750.0,0.43302987653994685,2,0,2
2025-12-08 00:00:00,2,997710.0,997710.0,0.8540510946682356,0.8540510946682356,170498.7947999998,0.0,0.0,2,0,2
2025-12-09 00:00:00,2,997710.0,997710.0,0.8490724076234966,0.8490724076234966,177348.7947999998,0.0,0.0,2,0,2
2025-12-10 00:00:00,1,499959.99999999994,499959.99999999994,0.425531706710473,0.425531706710473,674946.5747999998,507400.0,0.43186412509979605,1,0,1
2025-12-11 00:00:00,2,995350.0,995350.0,0.8601975220334792,0.8601975220334792,161767.95779999997,495390.0,0.42812402716648945,2,0,2
2025-12-12 00:00:00,1,499959.99999999994,499959.99999999994,0.43267659427563476,0.43267659427563476,655545.0737999999,476280.00000000006,0.4121833913145039,1,0,1
2025-12-15 00:00:00,2,993409.0,993409.0,0.8631073724486709,0.8631073724486709,157559.03909999994,493449.0,0.4287251976048377,2,0,2
2025-12-16 00:00:00,2,993409.0,993409.0,0.861699117844197,0.861699117844197,159440.03909999994,0.0,0.0,2,0,2
2025-12-17 00:00:00,2,993409.0,993409.0,0.8668853198954093,0.8668853198954093,152543.03909999994,0.0,0.0,2,0,2
2025-12-18 00:00:00,1,499959.99999999994,499959.99999999994,0.43801613389903205,0.43801613389903205,641459.1425999999,479655.0,0.42022687556072535,1,0,1
2025-12-19 00:00:00,2,978873.9999999999,978873.9999999999,0.8803865095739413,0.8803865095739413,132994.4684,478913.99999999994,0.4307290058231136,2,0,2
2025-12-22 00:00:00,1,499959.99999999994,499959.99999999994,0.44467259539043075,0.44467259539043075,624372.8354,462110.00000000006,0.4110081867666853,1,0,1
2025-12-23 00:00:00,2,1027270.0,1027270.0,0.9857231091663322,0.9857231091663322,14878.642399999895,527310.0,0.5059834831100866,2,0,2
2025-12-24 00:00:00,1,499959.99999999994,499959.99999999994,0.49462965733044695,0.49462965733044695,510816.43160000007,414036.0,0.4096217393440854,1,0,1
2025-12-25 00:00:00,2,991024.0,991024.0,0.9434324443052167,0.9434324443052167,59421.11239999998,491064.00000000006,0.4674818267068173,2,0,2
2025-12-26 00:00:00,2,991024.0,991024.0,0.955504908632647,0.955504908632647,46149.11239999987,0.0,0.0,2,0,2
2025-12-29 00:00:00,2,991024.0,991024.0,0.9892620131615091,0.9892620131615091,10757.112399999984,0.0,0.0,2,0,2
2025-12-30 00:00:00,1,499959.99999999994,499959.99999999994,0.49477388248305154,0.49477388248305154,510521.7932,491064.00000000006,0.485970161268216,1,0,1
2025-12-31 00:00:00,2,1002845.0,1002845.0,1.010437500432884,1.010437500432884,-10359.072300000116,502885.0,0.5066923227469757,2,0,2
2026-01-05 00:00:00,2,1002845.0,1002845.0,1.006512805433877,1.006512805433877,-6489.072300000116,0.0,0.0,2,0,2
2026-01-06 00:00:00,2,1002845.0,1002845.0,1.006512805433877,1.006512805433877,-6489.072300000116,0.0,0.0,2,0,2
2026-01-07 00:00:00,1,499959.99999999994,499959.99999999994,0.5012136015279809,0.5012136015279809,497538.8677,490200.0,0.491429129268374,1,0,1
2026-01-08 00:00:00,2,999928.0,999928.0,0.9849519268065086,0.9849519268065086,15276.877299999935,499968.0,0.49247990349464804,2,0,2
2026-01-09 00:00:00,2,999928.0,999928.0,1.020862962022072,1.020862962022072,-20435.12269999995,0.0,0.0,2,0,2
2026-01-12 00:00:00,2,999928.0,999928.0,1.020862962022072,1.020862962022072,-20435.12269999995,0.0,0.0,2,0,2
2026-01-13 00:00:00,1,499959.99999999994,499959.99999999994,0.5136233944910863,0.5136233944910863,473438.0293000001,476160.0,0.4891729648789417,1,0,1
2026-01-14 00:00:00,2,994872.0,994872.0,1.0207400478063107,1.0207400478063107,-20214.444299999974,494912.0,0.5077803964127213,2,0,2
2026-01-15 00:00:00,2,994872.0,994872.0,1.0207400478063107,1.0207400478063107,-20214.444299999974,0.0,0.0,2,0,2
2026-01-16 00:00:00,2,994872.0,994872.0,1.035701900483203,1.035701900483203,-34294.444299999974,0.0,0.0,2,0,2
2026-01-19 00:00:00,1,499959.99999999994,499959.99999999994,0.5243996478426239,0.5243996478426239,453434.9957,475200.0,0.4984292996536021,1,0,1
2026-01-20 00:00:00,2,999932.0,999932.0,0.9473430866876865,0.9473430866876865,55580.00410000002,499972.0,0.47367722778890564,2,0,2
2026-01-21 00:00:00,1,499959.99999999994,499959.99999999994,0.44500663010123126,0.44500663010123126,623528.879,670417.0,0.5967277580858013,1,0,1
2026-01-22 00:00:00,2,999760.0,999760.0,0.8979802763180771,0.8979802763180771,113582.93900000001,499800.0,0.4489182824915729,2,0,2
2026-01-23 00:00:00,2,999760.0,999760.0,0.8606327448623797,0.8606327448623797,161896.939,0.0,0.0,2,0,2
2026-01-26 00:00:00,2,999760.0,999760.0,0.8460719313521933,0.8460719313521933,181888.939,0.0,0.0,2,0,2
2026-01-27 00:00:00,1,499959.99999999994,499959.99999999994,0.4261674067250872,0.4261674067250872,673194.0049999999,549780.0,0.4686341244685944,1,0,1
2026-01-28 00:00:00,2,993947.0,993947.0,0.8602117621487291,0.8602117621487291,161520.80890000006,493987.0,0.4275212136548168,2,0,2
2026-01-29 00:00:00,1,499959.99999999994,499959.99999999994,0.431652316963015,0.431652316963015,658286.9972999999,479372.0,0.4138771791487208,1,0,1
2026-01-30 00:00:00,2,994718.0,994718.0,0.8627997417721711,0.8627997417721711,158177.5699,494758.00000000006,0.4291438122560523,2,0,2
2026-02-02 00:00:00,2,994718.0,994718.0,0.8735515363179923,0.8735515363179923,143987.5699,0.0,0.0,2,0,2
2026-02-03 00:00:00,1,499959.99999999994,499959.99999999994,0.4380234381071011,0.4380234381071011,641440.1089999999,478203.0,0.41896176128716317,1,0,1
2026-02-04 00:00:00,2,1005493.0,1005493.0,0.866207337348055,0.866207337348055,155306.44909999985,505533.0,0.4355041694686828,2,0,2
2026-02-05 00:00:00,2,1005493.0,1005493.0,0.8283390654264358,0.8283390654264358,208373.44909999985,0.0,0.0,2,0,2
2026-02-06 00:00:00,1,499959.99999999994,499959.99999999994,0.40910930519923955,0.40910930519923955,722109.4901,586530.0,0.4799481574096127,1,0,1
2026-02-09 00:00:00,2,1006494.0,1006494.0,0.7954125609688875,0.7954125609688875,258879.52989999996,506534.0,0.4003039324206746,2,0,2
2026-02-10 00:00:00,1,499959.99999999994,499959.99999999994,0.39221418255818,0.39221418255818,774751.6810999999,559496.0,0.4389196461408343,1,0,1
2026-02-11 00:00:00,2,996240.0,996240.0,0.7818658376705533,0.7818658376705533,277942.79709999985,496280.0,0.389488856017769,2,0,2
2026-02-12 00:00:00,2,996240.0,996240.0,0.8073893683857669,0.8073893683857669,237662.79709999985,0.0,0.0,2,0,2
2026-02-13 00:00:00,1,499959.99999999994,499959.99999999994,0.4090088858400211,0.4090088858400211,722409.5310999998,444220.0,0.3634089272498884,1,0,1
2026-02-24 00:00:00,2,1005400.0,1005400.0,0.814185387220923,0.814185387220923,229453.8990999998,505440.0,0.4093115795871726,2,0,2
2026-02-25 00:00:00,2,1005400.0,1005400.0,0.8054851186944385,0.8054851186944385,242791.8990999998,0.0,0.0,2,0,2
2026-02-26 00:00:00,2,1005400.0,1005400.0,0.8114176983889849,0.8114176983889849,233665.8990999998,0.0,0.0,2,0,2
2026-02-27 00:00:00,1,499959.99999999994,499959.99999999994,0.4044649856678327,0.4044649856678327,736142.0550999998,519480.0,0.42025656203441425,1,0,1
2026-03-02 00:00:00,2,980020.0,980020.0,0.7808874294260089,0.7808874294260089,274988.03709999984,480060.0,0.382515478633344,2,0,2
2026-03-03 00:00:00,2,980020.0,980020.0,0.7682924120098524,0.7682924120098524,295562.03709999984,0.0,0.0,2,0,2
2026-03-04 00:00:00,2,980020.0,980020.0,0.771981708628121,0.771981708628121,289466.03709999984,0.0,0.0,2,0,2
2026-03-05 00:00:00,1,499959.99999999994,499959.99999999994,0.3889742919713286,0.3889742919713286,785369.1601,529590.0,0.4120267527104087,1,0,1
2026-03-06 00:00:00,2,974917.0,974917.0,0.75858007282651,0.75858007282651,310269.67299999995,474957.0,0.36956265574347424,2,0,2
2026-03-09 00:00:00,1,499959.99999999994,499959.99999999994,0.3963666776563337,0.3963666776563337,761397.2940999998,451263.00000000006,0.3577598529066929,1,0,1
2026-03-10 00:00:00,2,999510.0,999510.0,0.7810884374513645,0.7810884374513645,280127.42909999983,499550.0,0.3903840170972067,2,0,2
2026-03-11 00:00:00,2,999510.0,999510.0,0.792258735998301,0.792258735998301,262085.42909999983,0.0,0.0,2,0,2
2026-03-12 00:00:00,2,999510.0,999510.0,0.7999469028810489,0.7999469028810489,249960.42909999983,0.0,0.0,2,0,2
2026-03-13 00:00:00,1,499959.99999999994,499959.99999999994,0.4009936320631187,0.4009936320631187,746842.8417999998,485291.0,0.3892283396622589,1,0,1
2026-03-16 00:00:00,2,1014945.0,1014945.0,0.8415109788630345,0.8415109788630345,191153.34629999986,514985.0,0.4269842518065312,2,0,2
2026-03-17 00:00:00,1,499959.99999999994,499959.99999999994,0.4228191523390796,0.4228191523390796,682484.0714999998,450915.99999999994,0.3813423491801912,1,0,1
2026-03-18 00:00:00,2,998200.0,998200.0,0.8488783872641021,0.8488783872641021,177704.5995,498240.0,0.4237078417856805,2,0,2
2026-03-19 00:00:00,2,998200.0,998200.0,0.8766563337131956,0.8766563337131956,140444.5995,0.0,0.0,2,0,2
2026-03-20 00:00:00,1,499959.99999999994,499959.99999999994,0.43747656657965517,0.43747656657965517,642866.9265000001,458910.0,0.40155686688749015,1,0,1
2026-03-23 00:00:00,2,1002904.0,1002904.0,0.8985918273991688,0.8985918273991688,113180.04330000002,502944.0,0.45063273058981473,2,0,2
2026-03-24 00:00:00,1,499959.99999999994,499959.99999999994,0.44655710910091667,0.44655710910091667,619628.0433,480000.0,0.4287291230667254,1,0,1
2026-03-25 00:00:00,2,999680.0,999680.0,0.8904549068598476,0.8904549068598476,122982.12730000005,499720.0,0.4451205646366868,2,0,2
2026-03-26 00:00:00,2,999680.0,999680.0,0.8943072411580052,0.8943072411580052,118146.12729999982,0.0,0.0,2,0,2
2026-03-27 00:00:00,2,999680.0,999680.0,0.8910946561445053,0.8910946561445053,122176.12730000005,0.0,0.0,2,0,2
2026-03-30 00:00:00,1,499959.99999999994,499959.99999999994,0.44539420217643766,0.44539420217643766,622551.2441,502944.0,0.44805252744104784,1,0,1
2026-03-31 00:00:00,2,1007710.0,1007710.0,0.8901175346282986,0.8901175346282986,124398.91910000006,507750.0,0.448499248997746,2,0,2
2026-04-01 00:00:00,2,1007710.0,1007710.0,0.8726583387512544,0.8726583387512544,147048.91909999982,0.0,0.0,2,0,2
2026-04-02 00:00:00,2,1007710.0,1007710.0,0.8736797360525976,0.8736797360525976,145698.91910000006,0.0,0.0,2,0,2
2026-04-03 00:00:00,1,499959.99999999994,499959.99999999994,0.43307318138954864,0.43307318138954864,654486.9191,540000.0,0.467756456417226,1,0,1
2026-04-07 00:00:00,2,999919.9999999999,999919.9999999999,0.8662589088295636,0.8662589088295636,154376.93110000005,499959.99999999994,0.4331294544147818,2,0,2
2026-04-08 00:00:00,2,999919.9999999999,999919.9999999999,0.8662589088295636,0.8662589088295636,154376.93110000005,0.0,0.0,2,0,2
2026-04-09 00:00:00,2,999919.9999999999,999919.9999999999,0.8662589088295636,0.8662589088295636,154376.93110000005,0.0,0.0,2,0,2
2026-04-10 00:00:00,2,999919.9999999999,999919.9999999999,0.8662589088295636,0.8662589088295636,154376.93110000005,0.0,0.0,2,0,2
2026-04-13 00:00:00,2,999919.9999999999,999919.9999999999,0.8662589088295636,0.8662589088295636,154376.93110000005,0.0,0.0,2,0,2
2026-04-14 00:00:00,2,999919.9999999999,999919.9999999999,0.8662589088295636,0.8662589088295636,154376.93110000005,0.0,0.0,2,0,2
2026-04-15 00:00:00,2,999919.9999999999,999919.9999999999,0.8662589088295636,0.8662589088295636,154376.93110000005,0.0,0.0,2,0,2
2026-04-16 00:00:00,2,999919.9999999999,999919.9999999999,0.8662589088295636,0.8662589088295636,154376.93110000005,0.0,0.0,2,0,2
2026-04-17 00:00:00,2,999919.9999999999,999919.9999999999,0.8662589088295636,0.8662589088295636,154376.93110000005,0.0,0.0,2,0,2
2026-04-20 00:00:00,2,999919.9999999999,999919.9999999999,0.8662589088295636,0.8662589088295636,154376.93110000005,0.0,0.0,2,0,2
2026-04-21 00:00:00,2,999919.9999999999,999919.9999999999,0.8662589088295636,0.8662589088295636,154376.93110000005,0.0,0.0,2,0,2
2026-04-22 00:00:00,2,999919.9999999999,999919.9999999999,0.8662589088295636,0.8662589088295636,154376.93110000005,0.0,0.0,2,0,2
2026-04-23 00:00:00,2,999919.9999999999,999919.9999999999,0.8662589088295636,0.8662589088295636,154376.93110000005,0.0,0.0,2,0,2
2026-04-24 00:00:00,2,999919.9999999999,999919.9999999999,0.8662589088295636,0.8662589088295636,154376.93110000005,0.0,0.0,2,0,2
2026-04-27 00:00:00,2,999919.9999999999,999919.9999999999,0.8662589088295636,0.8662589088295636,154376.93110000005,0.0,0.0,2,0,2
2026-04-28 00:00:00,2,999919.9999999999,999919.9999999999,0.8662589088295636,0.8662589088295636,154376.93110000005,0.0,0.0,2,0,2
2026-04-29 00:00:00,2,999919.9999999999,999919.9999999999,0.8662589088295636,0.8662589088295636,154376.93110000005,0.0,0.0,2,0,2
2026-04-30 00:00:00,2,999919.9999999999,999919.9999999999,0.8662589088295636,0.8662589088295636,154376.93110000005,0.0,0.0,2,0,2
2026-05-06 00:00:00,2,999919.9999999999,999919.9999999999,0.8662589088295636,0.8662589088295636,154376.93110000005,0.0,0.0,2,0,2
2026-05-07 00:00:00,2,999919.9999999999,999919.9999999999,0.8662589088295636,0.8662589088295636,154376.93110000005,0.0,0.0,2,0,2
2026-05-08 00:00:00,2,999919.9999999999,999919.9999999999,0.8662589088295636,0.8662589088295636,154376.93110000005,0.0,0.0,2,0,2
2026-05-11 00:00:00,2,999919.9999999999,999919.9999999999,0.8662589088295636,0.8662589088295636,154376.93110000005,0.0,0.0,2,0,2
2026-05-12 00:00:00,2,999919.9999999999,999919.9999999999,0.8662589088295636,0.8662589088295636,154376.93110000005,0.0,0.0,2,0,2
2026-05-13 00:00:00,2,999919.9999999999,999919.9999999999,0.8662589088295636,0.8662589088295636,154376.93110000005,0.0,0.0,2,0,2
2026-05-14 00:00:00,2,999919.9999999999,999919.9999999999,0.8662589088295636,0.8662589088295636,154376.93110000005,0.0,0.0,2,0,2
2026-05-15 00:00:00,2,999919.9999999999,999919.9999999999,0.8662589088295636,0.8662589088295636,154376.93110000005,0.0,0.0,2,0,2
2026-05-18 00:00:00,2,999919.9999999999,999919.9999999999,0.8662589088295636,0.8662589088295636,154376.93110000005,0.0,0.0,2,0,2
2026-05-19 00:00:00,2,999919.9999999999,999919.9999999999,0.8662589088295636,0.8662589088295636,154376.93110000005,0.0,0.0,2,0,2
2026-05-20 00:00:00,2,999919.9999999999,999919.9999999999,0.8662589088295636,0.8662589088295636,154376.93110000005,0.0,0.0,2,0,2
2026-05-21 00:00:00,2,999919.9999999999,999919.9999999999,0.8662589088295636,0.8662589088295636,154376.93110000005,0.0,0.0,2,0,2
2026-05-22 00:00:00,2,999919.9999999999,999919.9999999999,0.8662589088295636,0.8662589088295636,154376.93110000005,0.0,0.0,2,0,2
2026-05-25 00:00:00,2,999919.9999999999,999919.9999999999,0.8662589088295636,0.8662589088295636,154376.93110000005,0.0,0.0,2,0,2
2026-05-26 00:00:00,2,999919.9999999999,999919.9999999999,0.8662589088295636,0.8662589088295636,154376.93110000005,0.0,0.0,2,0,2
2026-05-27 00:00:00,2,999919.9999999999,999919.9999999999,0.8662589088295636,0.8662589088295636,154376.93110000005,0.0,0.0,2,0,2
2026-05-28 00:00:00,2,999919.9999999999,999919.9999999999,0.8662589088295636,0.8662589088295636,154376.93110000005,0.0,0.0,2,0,2
2026-05-29 00:00:00,2,999919.9999999999,999919.9999999999,0.8662589088295636,0.8662589088295636,154376.93110000005,0.0,0.0,2,0,2
2026-06-01 00:00:00,2,999919.9999999999,999919.9999999999,0.8662589088295636,0.8662589088295636,154376.93110000005,0.0,0.0,2,0,2
2026-06-02 00:00:00,2,999919.9999999999,999919.9999999999,0.8662589088295636,0.8662589088295636,154376.93110000005,0.0,0.0,2,0,2
2026-06-03 00:00:00,2,999919.9999999999,999919.9999999999,0.8662589088295636,0.8662589088295636,154376.93110000005,0.0,0.0,2,0,2
2026-06-04 00:00:00,2,999919.9999999999,999919.9999999999,0.8662589088295636,0.8662589088295636,154376.93110000005,0.0,0.0,2,0,2
2026-06-05 00:00:00,2,999919.9999999999,999919.9999999999,0.8662589088295636,0.8662589088295636,154376.93110000005,0.0,0.0,2,0,2
2026-06-08 00:00:00,2,999919.9999999999,999919.9999999999,0.8662589088295636,0.8662589088295636,154376.93110000005,0.0,0.0,2,0,2
2026-06-09 00:00:00,2,999919.9999999999,999919.9999999999,0.8662589088295636,0.8662589088295636,154376.93110000005,0.0,0.0,2,0,2
2026-06-10 00:00:00,2,999919.9999999999,999919.9999999999,0.8662589088295636,0.8662589088295636,154376.93110000005,0.0,0.0,2,0,2
2026-06-11 00:00:00,2,999919.9999999999,999919.9999999999,0.8662589088295636,0.8662589088295636,154376.93110000005,0.0,0.0,2,0,2
2026-06-12 00:00:00,2,999919.9999999999,999919.9999999999,0.8662589088295636,0.8662589088295636,154376.93110000005,0.0,0.0,2,0,2
2026-06-15 00:00:00,2,999919.9999999999,999919.9999999999,0.8662589088295636,0.8662589088295636,154376.93110000005,0.0,0.0,2,0,2
2026-06-16 00:00:00,2,999919.9999999999,999919.9999999999,0.8662589088295636,0.8662589088295636,154376.93110000005,0.0,0.0,2,0,2
2026-06-17 00:00:00,2,999919.9999999999,999919.9999999999,0.8662589088295636,0.8662589088295636,154376.93110000005,0.0,0.0,2,0,2
2026-06-18 00:00:00,2,999919.9999999999,999919.9999999999,0.8662589088295636,0.8662589088295636,154376.93110000005,0.0,0.0,2,0,2
2026-06-22 00:00:00,2,999919.9999999999,999919.9999999999,0.8662589088295636,0.8662589088295636,154376.93110000005,0.0,0.0,2,0,2
2026-06-23 00:00:00,2,999919.9999999999,999919.9999999999,0.8662589088295636,0.8662589088295636,154376.93110000005,0.0,0.0,2,0,2
2026-06-24 00:00:00,2,999919.9999999999,999919.9999999999,0.8662589088295636,0.8662589088295636,154376.93110000005,0.0,0.0,2,0,2
2026-06-25 00:00:00,2,999919.9999999999,999919.9999999999,0.8662589088295636,0.8662589088295636,154376.93110000005,0.0,0.0,2,0,2
2026-06-26 00:00:00,2,999919.9999999999,999919.9999999999,0.8662589088295636,0.8662589088295636,154376.93110000005,0.0,0.0,2,0,2
2026-06-29 00:00:00,2,999919.9999999999,999919.9999999999,0.8662589088295636,0.8662589088295636,154376.93110000005,0.0,0.0,2,0,2
2026-06-30 00:00:00,2,999919.9999999999,999919.9999999999,0.8662589088295636,0.8662589088295636,154376.93110000005,0.0,0.0,2,0,2
2026-07-01 00:00:00,2,999919.9999999999,999919.9999999999,0.8662589088295636,0.8662589088295636,154376.93110000005,0.0,0.0,2,0,2
2026-07-02 00:00:00,2,999919.9999999999,999919.9999999999,0.8662589088295636,0.8662589088295636,154376.93110000005,0.0,0.0,2,0,2
2026-07-03 00:00:00,2,999919.9999999999,999919.9999999999,0.8662589088295636,0.8662589088295636,154376.93110000005,0.0,0.0,2,0,2
2026-07-06 00:00:00,2,999919.9999999999,999919.9999999999,0.8662589088295636,0.8662589088295636,154376.93110000005,0.0,0.0,2,0,2
2026-07-07 00:00:00,2,999919.9999999999,999919.9999999999,0.8662589088295636,0.8662589088295636,154376.93110000005,0.0,0.0,2,0,2
2026-07-08 00:00:00,2,999919.9999999999,999919.9999999999,0.8662589088295636,0.8662589088295636,154376.93110000005,0.0,0.0,2,0,2
2026-07-09 00:00:00,2,999919.9999999999,999919.9999999999,0.8662589088295636,0.8662589088295636,154376.93110000005,0.0,0.0,2,0,2
2026-07-10 00:00:00,2,999919.9999999999,999919.9999999999,0.8662589088295636,0.8662589088295636,154376.93110000005,0.0,0.0,2,0,2
2026-07-13 00:00:00,2,999919.9999999999,999919.9999999999,0.8662589088295636,0.8662589088295636,154376.93110000005,0.0,0.0,2,0,2
2026-07-14 00:00:00,2,999919.9999999999,999919.9999999999,0.8662589088295636,0.8662589088295636,154376.93110000005,0.0,0.0,2,0,2
2026-07-15 00:00:00,2,999919.9999999999,999919.9999999999,0.8662589088295636,0.8662589088295636,154376.93110000005,0.0,0.0,2,0,2
2026-07-16 00:00:00,2,999919.9999999999,999919.9999999999,0.8662589088295636,0.8662589088295636,154376.93110000005,0.0,0.0,2,0,2
2026-07-17 00:00:00,2,999919.9999999999,999919.9999999999,0.8662589088295636,0.8662589088295636,154376.93110000005,0.0,0.0,2,0,2
2026-07-20 00:00:00,2,999919.9999999999,999919.9999999999,0.8662589088295636,0.8662589088295636,154376.93110000005,0.0,0.0,2,0,2
2026-07-21 00:00:00,2,999919.9999999999,999919.9999999999,0.8662589088295636,0.8662589088295636,154376.93110000005,0.0,0.0,2,0,2
2026-07-22 00:00:00,2,999919.9999999999,999919.9999999999,0.8662589088295636,0.8662589088295636,154376.93110000005,0.0,0.0,2,0,2
2026-07-23 00:00:00,2,999919.9999999999,999919.9999999999,0.8662589088295636,0.8662589088295636,154376.93110000005,0.0,0.0,2,0,2
2026-07-24 00:00:00,2,999919.9999999999,999919.9999999999,0.8662589088295636,0.8662589088295636,154376.93110000005,0.0,0.0,2,0,2
2026-07-27 00:00:00,2,999919.9999999999,999919.9999999999,0.8662589088295636,0.8662589088295636,154376.93110000005,0.0,0.0,2,0,2
2026-07-28 00:00:00,2,999919.9999999999,999919.9999999999,0.8662589088295636,0.8662589088295636,154376.93110000005,0.0,0.0,2,0,2
2026-07-29 00:00:00,2,999919.9999999999,999919.9999999999,0.8662589088295636,0.8662589088295636,154376.93110000005,0.0,0.0,2,0,2
2026-07-30 00:00:00,2,999919.9999999999,999919.9999999999,0.8662589088295636,0.8662589088295636,154376.93110000005,0.0,0.0,2,0,2
2026-07-31 00:00:00,2,999919.9999999999,999919.9999999999,0.8662589088295636,0.8662589088295636,154376.93110000005,0.0,0.0,2,0,2
2026-08-03 00:00:00,2,999919.9999999999,999919.9999999999,0.8662589088295636,0.8662589088295636,154376.93110000005,0.0,0.0,2,0,2
2026-08-04 00:00:00,2,999919.9999999999,999919.9999999999,0.8662589088295636,0.8662589088295636,154376.93110000005,0.0,0.0,2,0,2
